iter	BalancedAccuracy	Logloss
0	0.8045454545	0.6870507244
1	0.8053030303	0.6835301619
2	0.8189393939	0.6796453083
3	0.8136363636	0.6753419121
4	0.8098484848	0.6720520577
5	0.796969697	0.6676674352
6	0.8075757576	0.6636542768
7	0.821969697	0.6601381394
8	0.8189393939	0.6562040941
9	0.8522727273	0.6508781353
10	0.8310606061	0.6470476141
11	0.8386363636	0.6418737169
12	0.846969697	0.6378818871
13	0.8462121212	0.6339671628
14	0.8553030303	0.6308471606
15	0.8636363636	0.6263582117
16	0.8507575758	0.621606108
17	0.8409090909	0.6168652187
18	0.8492424242	0.6145558735
19	0.8446969697	0.6105411593
20	0.8492424242	0.6057507904
21	0.8492424242	0.6033425517
22	0.8492424242	0.6007995653
23	0.8409090909	0.5972230643
24	0.8401515152	0.5944324194
25	0.8401515152	0.5908164673
26	0.85	0.5883584463
27	0.85	0.5849726944
28	0.85	0.5816890421
29	0.8507575758	0.5796468259
30	0.8507575758	0.575735522
31	0.85	0.5740395111
32	0.8454545455	0.5709868472
33	0.8454545455	0.5677420321
34	0.8545454545	0.5637097671
35	0.8545454545	0.5606846076
36	0.8492424242	0.5580331579
37	0.8537878788	0.5564179813
38	0.8537878788	0.5541996379
39	0.8583333333	0.5504982645
40	0.8583333333	0.5477732223
41	0.8545454545	0.5447298977
42	0.8545454545	0.5414545102
43	0.8545454545	0.5382829397
44	0.8545454545	0.5357186879
45	0.8545454545	0.5339261317
46	0.8545454545	0.5307230833
47	0.8545454545	0.5279310801
48	0.8545454545	0.5255943419
49	0.85	0.5237950638
50	0.85	0.5211423839
51	0.85	0.5188713246
52	0.85	0.515844587
53	0.8545454545	0.5136651303
54	0.8545454545	0.5114682624
55	0.8545454545	0.5092020912
56	0.8545454545	0.5078680319
57	0.8583333333	0.505786208
58	0.8583333333	0.5031237359
59	0.8583333333	0.5011449446
60	0.8583333333	0.4985195007
61	0.8583333333	0.4969827331
62	0.8583333333	0.4938224684
63	0.8583333333	0.4920588716
64	0.8628787879	0.4899357754
65	0.8583333333	0.4884588801
66	0.8583333333	0.4870057474
67	0.8583333333	0.4847894976
68	0.8583333333	0.482312416
69	0.8583333333	0.4807548875
70	0.8583333333	0.4791018002
71	0.8583333333	0.4781441644
72	0.8583333333	0.4761997481
73	0.8583333333	0.4746167411
74	0.8583333333	0.4734595234
75	0.8583333333	0.4715187843
76	0.8583333333	0.4708267791
77	0.8583333333	0.4694172852
78	0.8583333333	0.4675677529
79	0.8583333333	0.4653326892
80	0.8583333333	0.46385772
81	0.8583333333	0.4620626346
82	0.8583333333	0.460432971
83	0.8583333333	0.4594960594
84	0.8628787879	0.4580751293
85	0.8628787879	0.456841833
86	0.8628787879	0.4555104043
87	0.8628787879	0.4540386449
88	0.8583333333	0.4534039922
89	0.8583333333	0.4515169884
90	0.8583333333	0.4501133515
91	0.8628787879	0.4483652939
92	0.8628787879	0.4463102734
93	0.8628787879	0.4450156757
94	0.8628787879	0.4435735775
95	0.8628787879	0.4414231495
96	0.8628787879	0.4403987295
97	0.8674242424	0.4391235155
98	0.8674242424	0.437463942
99	0.8628787879	0.43645472
100	0.8628787879	0.4349330689
101	0.8583333333	0.4340296817
102	0.8583333333	0.4329999972
103	0.8628787879	0.4318403427
104	0.8628787879	0.4307396147
105	0.8674242424	0.4295874097
106	0.8628787879	0.4275601821
107	0.8628787879	0.4260869557
108	0.8628787879	0.4250887258
109	0.8628787879	0.4240730114
110	0.8628787879	0.4232414741
111	0.8674242424	0.4219038068
112	0.8674242424	0.4207366928
113	0.8674242424	0.4195513653
114	0.8674242424	0.4183482385
115	0.8674242424	0.4178669773
116	0.8674242424	0.4173269534
117	0.8583333333	0.4156378475
118	0.8583333333	0.4142305897
119	0.8583333333	0.4130982714
120	0.8674242424	0.41242658
121	0.8674242424	0.4119890829
122	0.8674242424	0.4110655519
123	0.8674242424	0.4098899117
124	0.8674242424	0.4094771604
125	0.871969697	0.408679032
126	0.871969697	0.4083518758
127	0.8674242424	0.4072578038
128	0.8674242424	0.4063342833
129	0.8674242424	0.4053970097
130	0.871969697	0.4042930059
131	0.8674242424	0.4037703894
132	0.8674242424	0.4028106957
133	0.8765151515	0.4016337648
134	0.871969697	0.3999939024
135	0.8765151515	0.3989728039
136	0.871969697	0.3984021659
137	0.871969697	0.3972980869
138	0.871969697	0.396762907
139	0.871969697	0.3962423443
140	0.871969697	0.3954120567
141	0.871969697	0.394438745
142	0.871969697	0.3937191263
143	0.871969697	0.3929252756
144	0.871969697	0.3924929779
145	0.871969697	0.3920984512
146	0.871969697	0.3914945623
147	0.871969697	0.3910019622
148	0.8765151515	0.3904966884
149	0.8765151515	0.3894883736
150	0.8765151515	0.3886112492
151	0.8765151515	0.3881570266
152	0.8765151515	0.3874511524
153	0.8765151515	0.3870934134
154	0.8765151515	0.3864175392
155	0.8765151515	0.3855288158
156	0.871969697	0.3846433896
157	0.8765151515	0.3839793144
158	0.8765151515	0.3829817833
159	0.8765151515	0.3827250748
160	0.871969697	0.3821942348
161	0.8765151515	0.3817158614
162	0.871969697	0.3811682637
163	0.871969697	0.3808547942
164	0.871969697	0.3803870401
165	0.8765151515	0.3798297399
166	0.8765151515	0.3790787134
167	0.8765151515	0.3783540655
168	0.871969697	0.37774544
169	0.8765151515	0.3773609189
170	0.8765151515	0.3768350174
171	0.8765151515	0.3765381286
172	0.8765151515	0.3762009758
173	0.8765151515	0.3756629859
174	0.8765151515	0.3747684048
175	0.871969697	0.3743069949
176	0.871969697	0.3736436431
177	0.8674242424	0.3727437091
178	0.8674242424	0.3723830403
179	0.8674242424	0.3718795544
180	0.8674242424	0.3707952211
181	0.8674242424	0.3701014988
182	0.8674242424	0.3692998739
183	0.8674242424	0.3688952307
184	0.8674242424	0.3685098486
185	0.8674242424	0.3679954235
186	0.8674242424	0.3672377307
187	0.8674242424	0.3666936597
188	0.8674242424	0.3663155912
189	0.8674242424	0.3657219671
190	0.871969697	0.3652294396
191	0.8674242424	0.3647958525
192	0.871969697	0.3640945462
193	0.8674242424	0.3635540044
194	0.8674242424	0.3632353687
195	0.8674242424	0.3628701627
196	0.8674242424	0.3620159409
197	0.8674242424	0.3614952443
198	0.871969697	0.3610018537
199	0.871969697	0.3605305697
200	0.871969697	0.3602158426
201	0.871969697	0.3597430666
202	0.871969697	0.3590497634
203	0.871969697	0.3586134298
204	0.871969697	0.3579964512
205	0.871969697	0.3576300989
206	0.871969697	0.3569899356
207	0.871969697	0.355989393
208	0.871969697	0.355526709
209	0.871969697	0.3552737817
210	0.871969697	0.3547048926
211	0.871969697	0.3543505574
212	0.871969697	0.3534916525
213	0.871969697	0.3530053818
214	0.8765151515	0.3525390536
215	0.8765151515	0.3522361383
216	0.8765151515	0.3518520557
217	0.8765151515	0.351424626
218	0.871969697	0.3510669867
219	0.8765151515	0.3506010332
220	0.8765151515	0.3500645793
221	0.8765151515	0.3493666436
222	0.8765151515	0.3484720171
223	0.8765151515	0.3480383937
224	0.8765151515	0.3477038943
225	0.8765151515	0.347230008
226	0.8810606061	0.3464323318
227	0.8810606061	0.346079047
228	0.8810606061	0.34560826
229	0.8810606061	0.3451333578
230	0.8810606061	0.3448863894
231	0.8810606061	0.3447466903
232	0.8810606061	0.3444030128
233	0.8810606061	0.3442882704
234	0.8810606061	0.3439662474
235	0.8810606061	0.3435541929
236	0.8810606061	0.3432185729
237	0.8765151515	0.3429467883
238	0.8810606061	0.3427224918
239	0.8765151515	0.3424678196
240	0.8765151515	0.3420937235
241	0.8765151515	0.3416374737
242	0.8765151515	0.3412542324
243	0.8765151515	0.3406531678
244	0.8765151515	0.3403189371
245	0.8765151515	0.3402098273
246	0.8765151515	0.3399829694
247	0.8810606061	0.3396975937
248	0.8810606061	0.3393483283
249	0.8810606061	0.3391294458
250	0.8810606061	0.3388756052
251	0.8765151515	0.3382018732
252	0.8810606061	0.3380583732
253	0.8810606061	0.3376443378
254	0.8810606061	0.3374748967
255	0.8810606061	0.3371739079
256	0.8810606061	0.3368975731
257	0.8810606061	0.3361775973
258	0.8810606061	0.3360569386
259	0.8810606061	0.3357572118
260	0.8810606061	0.3354476016
261	0.8810606061	0.335284945
262	0.8810606061	0.3351769123
263	0.8810606061	0.3348964773
264	0.8810606061	0.3345725207
265	0.8810606061	0.3343281776
266	0.8810606061	0.334086133
267	0.8810606061	0.3337157506
268	0.8810606061	0.3332124463
269	0.8810606061	0.3329117708
270	0.8810606061	0.3321840165
271	0.8810606061	0.3319346398
272	0.8810606061	0.3313386622
273	0.8810606061	0.3309154398
274	0.8810606061	0.3304225907
275	0.8810606061	0.3301739577
276	0.8810606061	0.3297911109
277	0.8810606061	0.3296791455
278	0.8810606061	0.3293450239
279	0.8810606061	0.3290776735
280	0.8810606061	0.3286262948
281	0.8810606061	0.32835845
282	0.8810606061	0.3279573351
283	0.8810606061	0.3274056101
284	0.8810606061	0.3270279113
285	0.8810606061	0.3266664289
286	0.8810606061	0.3265762069
287	0.8810606061	0.3263158152
288	0.8810606061	0.3260472451
289	0.8810606061	0.3259255605
290	0.8810606061	0.3257707896
291	0.8810606061	0.3253153271
292	0.8810606061	0.3250721203
293	0.8810606061	0.3245718527
294	0.8810606061	0.3243876992
295	0.8810606061	0.3241498885
296	0.8810606061	0.3239418774
297	0.8810606061	0.3237772918
298	0.8810606061	0.3234048246
299	0.8810606061	0.3231113248
300	0.8810606061	0.3230567337
301	0.8810606061	0.3228931146
302	0.8810606061	0.3227626709
303	0.8810606061	0.3225645742
304	0.8810606061	0.3223553751
305	0.8810606061	0.3221863154
306	0.8810606061	0.3218865091
307	0.8848484848	0.3214522916
308	0.8848484848	0.3212754341
309	0.8848484848	0.3210350749
310	0.8848484848	0.3209241184
311	0.8848484848	0.3206699028
312	0.8848484848	0.3205228876
313	0.8848484848	0.3203427063
314	0.8848484848	0.3202544023
315	0.8848484848	0.3198088722
316	0.8848484848	0.3194047255
317	0.8848484848	0.3193039196
318	0.8848484848	0.3191344153
319	0.8848484848	0.3188913765
320	0.8848484848	0.3186388288
321	0.8848484848	0.3183036846
322	0.8848484848	0.3180282756
323	0.8848484848	0.3176263084
324	0.8848484848	0.3174374262
325	0.8848484848	0.316758418
326	0.8848484848	0.3164410272
327	0.8848484848	0.3162212793
328	0.8848484848	0.3160464865
329	0.8848484848	0.3158244369
330	0.8848484848	0.3156719939
331	0.8848484848	0.315430514
332	0.8848484848	0.3153044528
333	0.8848484848	0.3151475917
334	0.8848484848	0.3145794321
335	0.8848484848	0.314405906
336	0.8848484848	0.3140660421
337	0.8848484848	0.3138177321
338	0.8848484848	0.3135061403
339	0.8848484848	0.3133694096
340	0.8848484848	0.3132799808
341	0.8848484848	0.3130964533
342	0.8848484848	0.312618084
343	0.8848484848	0.3122957383
344	0.8848484848	0.3120169071
345	0.8848484848	0.3117674633
346	0.8848484848	0.3115595665
347	0.8848484848	0.3114249068
348	0.8848484848	0.3113324994
349	0.8848484848	0.3112387541
350	0.8848484848	0.3111003532
351	0.8848484848	0.3110414736
352	0.8848484848	0.3108867124
353	0.8848484848	0.3106590615
354	0.8848484848	0.310564725
355	0.8848484848	0.3104450651
356	0.8893939394	0.3098642137
357	0.8893939394	0.3096264101
358	0.8893939394	0.3090930124
359	0.8893939394	0.3087765412
360	0.8893939394	0.3086531255
361	0.8893939394	0.3085126556
362	0.8893939394	0.3084124542
363	0.8893939394	0.3082765732
364	0.8893939394	0.3079014504
365	0.8893939394	0.3075646161
366	0.8893939394	0.3073570836
367	0.8893939394	0.3071682029
368	0.8893939394	0.3068595963
369	0.8893939394	0.3068064507
370	0.8893939394	0.3065216362
371	0.8893939394	0.3064160205
372	0.8893939394	0.3060322183
373	0.8893939394	0.3059487699
374	0.8893939394	0.305896316
375	0.8893939394	0.3056974014
376	0.8893939394	0.3055261175
377	0.8893939394	0.3049988009
378	0.8893939394	0.3049020799
379	0.8893939394	0.3046820451
380	0.8893939394	0.3045630659
381	0.8893939394	0.3044122194
382	0.8893939394	0.3041300916
383	0.8893939394	0.3040560587
384	0.8893939394	0.3038358537
385	0.8893939394	0.3035339952
386	0.8893939394	0.3034038263
387	0.8893939394	0.3032287329
388	0.8893939394	0.3030545681
389	0.8893939394	0.3029250204
390	0.8893939394	0.3028442374
391	0.8893939394	0.3026669079
392	0.8893939394	0.3022875106
393	0.8893939394	0.3020913556
394	0.8893939394	0.3019367851
395	0.8893939394	0.3017613959
396	0.8893939394	0.3017222618
397	0.8931818182	0.3016588662
398	0.8931818182	0.3014465558
399	0.8931818182	0.3011628433
400	0.8893939394	0.3010263114
401	0.8893939394	0.30095081
402	0.8893939394	0.300835722
403	0.8893939394	0.3005781401
404	0.8893939394	0.300352748
405	0.8893939394	0.3002578809
406	0.8893939394	0.3000869264
407	0.8931818182	0.2998671314
408	0.8893939394	0.299770787
409	0.8893939394	0.2994529777
410	0.8893939394	0.2991215359
411	0.8893939394	0.2990355755
412	0.8893939394	0.2989035096
413	0.8893939394	0.2988287559
414	0.8893939394	0.2985654164
415	0.8893939394	0.2983909232
416	0.8893939394	0.2983290406
417	0.8893939394	0.2981609355
418	0.8893939394	0.2980596312
419	0.8893939394	0.2979449996
420	0.8893939394	0.2977593753
421	0.8893939394	0.2976082651
422	0.8893939394	0.2975285746
423	0.8931818182	0.2971074103
424	0.8931818182	0.2969118851
425	0.8931818182	0.2967322554
426	0.8931818182	0.2965337385
427	0.8931818182	0.2962315889
428	0.8931818182	0.2959450681
429	0.8931818182	0.295851856
430	0.8931818182	0.2956577385
431	0.8931818182	0.2955459636
432	0.8931818182	0.2953783326
433	0.8931818182	0.2951817747
434	0.8977272727	0.2948058764
435	0.8977272727	0.2946433779
436	0.8977272727	0.2943485357
437	0.8931818182	0.2942132211
438	0.8931818182	0.2940623374
439	0.8977272727	0.2937698703
440	0.8977272727	0.293616971
441	0.8977272727	0.2931736463
442	0.8977272727	0.2929786201
443	0.8977272727	0.2927367751
444	0.8977272727	0.2922294488
445	0.8977272727	0.2921121816
446	0.8977272727	0.2917721066
447	0.8977272727	0.2916694163
448	0.8977272727	0.2916057832
449	0.8977272727	0.2915144031
450	0.8977272727	0.2912800918
451	0.8977272727	0.2911854447
452	0.8977272727	0.2911312731
453	0.8977272727	0.2910255757
454	0.8977272727	0.2909572913
455	0.8977272727	0.290827834
456	0.8977272727	0.2906980973
457	0.8977272727	0.2904577103
458	0.8977272727	0.2902763601
459	0.8977272727	0.2901658205
460	0.8977272727	0.2899825557
461	0.8977272727	0.2899409075
462	0.8977272727	0.2897690823
463	0.8977272727	0.2896546675
464	0.8977272727	0.2896018313
465	0.8977272727	0.2893341275
466	0.8977272727	0.2892447146
467	0.8977272727	0.2890622685
468	0.8977272727	0.2888639747
469	0.8977272727	0.288210281
470	0.8977272727	0.2879499144
471	0.8977272727	0.2878292889
472	0.8977272727	0.287734031
473	0.8977272727	0.2871938372
474	0.8977272727	0.2869945469
475	0.8977272727	0.2868387339
476	0.8977272727	0.2865961915
477	0.8977272727	0.2863856612
478	0.8977272727	0.286063983
479	0.8977272727	0.2858944836
480	0.8977272727	0.285251936
481	0.9015151515	0.2850533415
482	0.8977272727	0.2850342968
483	0.8977272727	0.2847757956
484	0.8977272727	0.284593474
485	0.8977272727	0.2844112484
486	0.8977272727	0.284178485
487	0.9015151515	0.2840649908
488	0.9015151515	0.2839035964
489	0.9015151515	0.2838073798
490	0.9015151515	0.2837599657
491	0.8977272727	0.2834177481
492	0.9015151515	0.2832812225
493	0.9015151515	0.2832410889
494	0.9015151515	0.2831489972
495	0.9015151515	0.282762705
496	0.8977272727	0.2827160278
497	0.8977272727	0.2826334583
498	0.8977272727	0.2825712775
499	0.9015151515	0.2822661714
500	0.9015151515	0.2820943465
501	0.9015151515	0.2819079809
502	0.9015151515	0.2813540136
503	0.9015151515	0.280911282
504	0.9015151515	0.2808689426
505	0.9015151515	0.2806908808
506	0.9015151515	0.280238946
507	0.9015151515	0.2801514925
508	0.9015151515	0.2798679162
509	0.9015151515	0.2796745234
510	0.9015151515	0.2793005884
511	0.9015151515	0.2791187213
512	0.9015151515	0.2789903241
513	0.9015151515	0.2788758197
514	0.9015151515	0.2785062727
515	0.9015151515	0.2783375889
516	0.9015151515	0.2782287377
517	0.9015151515	0.2780515326
518	0.9015151515	0.2779629164
519	0.9015151515	0.2777507819
520	0.9015151515	0.2776355127
521	0.9015151515	0.2774320952
522	0.9015151515	0.2773216493
523	0.9015151515	0.2771935955
524	0.9060606061	0.2770976752
525	0.9060606061	0.2768117758
526	0.9060606061	0.2766888433
527	0.9060606061	0.2762511818
528	0.9060606061	0.2761896131
529	0.9060606061	0.275988088
530	0.9060606061	0.2759051964
531	0.9060606061	0.2756413961
532	0.9060606061	0.2754881532
533	0.9060606061	0.275326707
534	0.9060606061	0.2751187828
535	0.9060606061	0.2750705118
536	0.9060606061	0.2748602578
537	0.9060606061	0.274475056
538	0.9060606061	0.2742649601
539	0.9060606061	0.2741322665
540	0.9060606061	0.274035499
541	0.9060606061	0.2739597874
542	0.9060606061	0.273917304
543	0.9060606061	0.2736732809
544	0.9060606061	0.2735092468
545	0.9060606061	0.2734729005
546	0.9060606061	0.2731993153
547	0.9060606061	0.273028905
548	0.9060606061	0.2728183069
549	0.9060606061	0.2724097881
550	0.9060606061	0.2723425673
551	0.9060606061	0.2720925976
552	0.9060606061	0.2719807659
553	0.9060606061	0.2719244456
554	0.9060606061	0.2717670314
555	0.9060606061	0.2716553653
556	0.9060606061	0.2713147185
557	0.9060606061	0.2712331675
558	0.9060606061	0.2711256462
559	0.9060606061	0.2710399285
560	0.9060606061	0.2708939288
561	0.9060606061	0.270815116
562	0.9060606061	0.2702584617
563	0.9060606061	0.2700284281
564	0.9060606061	0.2699580804
565	0.9060606061	0.269694962
566	0.9060606061	0.2694329117
567	0.9060606061	0.2693860316
568	0.9060606061	0.2691651149
569	0.9060606061	0.269006368
570	0.9060606061	0.2688184673
571	0.9060606061	0.2685865353
572	0.9060606061	0.2684402123
573	0.9060606061	0.2683655202
574	0.9060606061	0.2681745785
575	0.9060606061	0.2681329768
576	0.9060606061	0.2677070208
577	0.9060606061	0.2676543064
578	0.9060606061	0.2674728804
579	0.9060606061	0.2672988285
580	0.9060606061	0.267247978
581	0.9060606061	0.2671603389
582	0.9060606061	0.2670883143
583	0.9060606061	0.2668511248
584	0.9060606061	0.2667988889
585	0.9060606061	0.2665462516
586	0.9060606061	0.2665306531
587	0.9060606061	0.2663468337
588	0.9060606061	0.2663037868
589	0.9060606061	0.266050551
590	0.9060606061	0.265982736
591	0.9060606061	0.2656845768
592	0.9060606061	0.2654897375
593	0.9060606061	0.2654512245
594	0.9060606061	0.265042076
595	0.9060606061	0.2649962561
596	0.9060606061	0.264914378
597	0.9060606061	0.2646281789
598	0.9060606061	0.2644440459
599	0.9060606061	0.2643921135
600	0.9060606061	0.2641703785
601	0.9060606061	0.2638435805
602	0.9060606061	0.2635330733
603	0.9060606061	0.2632964707
604	0.9060606061	0.2632589898
605	0.9060606061	0.2629371102
606	0.9060606061	0.262803291
607	0.9060606061	0.2625774747
608	0.9060606061	0.2623746477
609	0.9060606061	0.2620441393
610	0.9060606061	0.2617976521
611	0.9060606061	0.2616386684
612	0.9060606061	0.2614222276
613	0.9060606061	0.2612203504
614	0.9060606061	0.2609609434
615	0.9060606061	0.2607510954
616	0.9060606061	0.2605517408
617	0.9060606061	0.2600738377
618	0.9060606061	0.2597237956
619	0.9060606061	0.2595164629
620	0.9060606061	0.2592852934
621	0.9060606061	0.2590043167
622	0.9060606061	0.2587388137
623	0.9060606061	0.2586655308
624	0.9060606061	0.2585041245
625	0.9060606061	0.258392208
626	0.9060606061	0.2582997621
627	0.9060606061	0.2579638132
628	0.9060606061	0.2578559365
629	0.9060606061	0.2577633876
630	0.9060606061	0.2575707835
631	0.9060606061	0.2575398129
632	0.9060606061	0.2572404189
633	0.9060606061	0.2568448691
634	0.9060606061	0.2566386504
635	0.9060606061	0.2564346353
636	0.9060606061	0.2562557065
637	0.9060606061	0.2562140556
638	0.9060606061	0.2561156168
639	0.9106060606	0.2558660277
640	0.9060606061	0.2556797749
641	0.9106060606	0.2554533587
642	0.9060606061	0.2552913306
643	0.9060606061	0.2550704885
644	0.9106060606	0.254957037
645	0.9106060606	0.2547766239
646	0.9106060606	0.2544853093
647	0.9106060606	0.2543651451
648	0.9106060606	0.2542514313
649	0.9106060606	0.254130195
650	0.9106060606	0.2539275358
651	0.9106060606	0.2538465669
652	0.9106060606	0.253669239
653	0.9106060606	0.253279598
654	0.9106060606	0.2532392722
655	0.9143939394	0.2531538851
656	0.9143939394	0.2528054872
657	0.9143939394	0.2526460398
658	0.9106060606	0.2525069645
659	0.9106060606	0.2523819523
660	0.9106060606	0.2522963252
661	0.9143939394	0.2520005123
662	0.9143939394	0.2518454803
663	0.9143939394	0.2515956872
664	0.9143939394	0.2512795604
665	0.9143939394	0.2512182855
666	0.9143939394	0.2511398237
667	0.9143939394	0.2506656502
668	0.9143939394	0.2505879353
669	0.9143939394	0.2505392941
670	0.9143939394	0.2503316381
671	0.9143939394	0.2501106333
672	0.9143939394	0.249775517
673	0.9143939394	0.2497136405
674	0.9143939394	0.2496688744
675	0.9143939394	0.2494805061
676	0.9143939394	0.2491313432
677	0.9143939394	0.248791588
678	0.9143939394	0.2484494062
679	0.9143939394	0.2480855618
680	0.9143939394	0.2478661213
681	0.9143939394	0.247534576
682	0.9143939394	0.2473738481
683	0.9143939394	0.247268603
684	0.9143939394	0.2472196518
685	0.9143939394	0.2471675413
686	0.9143939394	0.2468376328
687	0.9143939394	0.2466995185
688	0.9143939394	0.2464636038
689	0.9143939394	0.2463530142
690	0.9143939394	0.2463037809
691	0.9143939394	0.2462294808
692	0.9143939394	0.2461161917
693	0.9143939394	0.2458170558
694	0.9143939394	0.2455355592
695	0.9143939394	0.2454152111
696	0.9143939394	0.2450799026
697	0.9143939394	0.2448159779
698	0.9143939394	0.2446343702
699	0.9143939394	0.2444264075
700	0.9143939394	0.2443183006
701	0.9143939394	0.2440304994
702	0.9143939394	0.2439027106
703	0.9143939394	0.2438236002
704	0.9143939394	0.2436972034
705	0.9143939394	0.2435305348
706	0.9143939394	0.2433978196
707	0.9143939394	0.2430665364
708	0.9189393939	0.2428443252
709	0.9189393939	0.2427263422
710	0.9143939394	0.242607496
711	0.9189393939	0.2425007072
712	0.9189393939	0.2424096938
713	0.9189393939	0.2421441733
714	0.9189393939	0.2418916083
715	0.9143939394	0.2414469933
716	0.9143939394	0.2412149128
717	0.9143939394	0.2409042754
718	0.9143939394	0.2408411682
719	0.9143939394	0.2405402115
720	0.9143939394	0.2404561936
721	0.9143939394	0.240022214
722	0.9143939394	0.2397343881
723	0.9143939394	0.2394385155
724	0.9143939394	0.2392967864
725	0.9143939394	0.2390091475
726	0.9189393939	0.2387732481
727	0.9143939394	0.2383214801
728	0.9143939394	0.2380953679
729	0.9143939394	0.2378635568
730	0.9143939394	0.2374002378
731	0.9143939394	0.2373367459
732	0.9143939394	0.2371402321
733	0.9143939394	0.2370846454
734	0.9143939394	0.2368292651
735	0.9143939394	0.2364247996
736	0.9143939394	0.2360174753
737	0.9143939394	0.2359317202
738	0.9143939394	0.2356966334
739	0.9143939394	0.2354495969
740	0.9143939394	0.2352087281
741	0.9143939394	0.2347697309
742	0.9143939394	0.2345576038
743	0.9143939394	0.2344688019
744	0.9143939394	0.2344174799
745	0.9143939394	0.2341360455
746	0.9143939394	0.2337528815
747	0.9143939394	0.2336987259
748	0.9143939394	0.2336260914
749	0.9143939394	0.2333359646
750	0.9143939394	0.2332801426
751	0.9143939394	0.2330210064
752	0.9143939394	0.2327948845
753	0.9143939394	0.2327478081
754	0.9143939394	0.2323714986
755	0.9143939394	0.2322509068
756	0.9143939394	0.2321152667
757	0.9143939394	0.2318418198
758	0.9143939394	0.2316696088
759	0.9143939394	0.2314979452
760	0.9143939394	0.2311585869
761	0.9143939394	0.2307905887
762	0.9143939394	0.2305388457
763	0.9143939394	0.2302909914
764	0.9143939394	0.2300371511
765	0.9143939394	0.2299414013
766	0.9181818182	0.2295483284
767	0.9143939394	0.229325336
768	0.9143939394	0.2291923862
769	0.9143939394	0.229140397
770	0.9143939394	0.2290917405
771	0.9143939394	0.2288006552
772	0.9143939394	0.2285245635
773	0.9143939394	0.2284666932
774	0.9143939394	0.2283098861
775	0.9143939394	0.2282718667
776	0.9143939394	0.2281411823
777	0.9143939394	0.2280525383
778	0.9143939394	0.2280388798
779	0.9181818182	0.2276294801
780	0.9181818182	0.2272277648
781	0.9181818182	0.227198244
782	0.9181818182	0.2271661714
783	0.9181818182	0.2270251358
784	0.9181818182	0.2267545224
785	0.9181818182	0.2266746832
786	0.9143939394	0.2264126952
787	0.9143939394	0.2263492256
788	0.9143939394	0.2262212376
789	0.9143939394	0.2260269362
790	0.9143939394	0.226016478
791	0.9143939394	0.225808921
792	0.9143939394	0.2255597189
793	0.9143939394	0.2254798658
794	0.9143939394	0.2253536996
795	0.9143939394	0.2252812426
796	0.9181818182	0.2250214974
797	0.9181818182	0.2249749528
798	0.9181818182	0.2247304282
799	0.9181818182	0.2245120927
800	0.9181818182	0.2243880559
801	0.9181818182	0.2243425629
802	0.9181818182	0.22405311
803	0.9181818182	0.2238379615
804	0.9181818182	0.2235780205
805	0.9181818182	0.223518921
806	0.9181818182	0.223322584
807	0.9181818182	0.2232621076
808	0.9181818182	0.2228774137
809	0.9181818182	0.2225954227
810	0.9181818182	0.2224088765
811	0.9181818182	0.2221141313
812	0.9181818182	0.2219778814
813	0.9181818182	0.2219185334
814	0.921969697	0.2216510091
815	0.9257575758	0.2215745698
816	0.9257575758	0.2215111669
817	0.9257575758	0.2212518617
818	0.9257575758	0.2209401577
819	0.9257575758	0.2207783995
820	0.9257575758	0.2207023593
821	0.9257575758	0.2203318605
822	0.9257575758	0.2202899914
823	0.9257575758	0.2202127797
824	0.9257575758	0.2200333147
825	0.9257575758	0.2197963648
826	0.9257575758	0.2194916686
827	0.9257575758	0.2194461766
828	0.9257575758	0.2193822266
829	0.9257575758	0.2191101075
830	0.9257575758	0.2188601495
831	0.9257575758	0.2185175694
832	0.9257575758	0.2183278515
833	0.9257575758	0.2183177567
834	0.9257575758	0.2180219665
835	0.9257575758	0.2180119633
836	0.9257575758	0.2179521991
837	0.9257575758	0.2179224956
838	0.9257575758	0.2178502428
839	0.9257575758	0.2175453315
840	0.9257575758	0.2172511782
841	0.9257575758	0.2172174761
842	0.9257575758	0.216886443
843	0.9257575758	0.2167749704
844	0.9257575758	0.2165251584
845	0.9257575758	0.2164016421
846	0.9257575758	0.2161629663
847	0.9257575758	0.2159727447
848	0.9257575758	0.2156487875
849	0.9257575758	0.215506571
850	0.9257575758	0.2154346097
851	0.9257575758	0.2153362645
852	0.9257575758	0.2152455181
853	0.9257575758	0.2152172606
854	0.9257575758	0.2148854429
855	0.9257575758	0.214834308
856	0.9257575758	0.2145977241
857	0.9257575758	0.2144703377
858	0.9257575758	0.2144587266
859	0.9303030303	0.2141173383
860	0.9303030303	0.2140803035
861	0.9257575758	0.213922307
862	0.9257575758	0.2138174055
863	0.9257575758	0.213728587
864	0.9303030303	0.2133939068
865	0.9303030303	0.2130792114
866	0.9348484848	0.2128435299
867	0.9348484848	0.212519852
868	0.9348484848	0.2124735373
869	0.9348484848	0.2124289658
870	0.9348484848	0.2122801966
871	0.9348484848	0.2121038538
872	0.9348484848	0.212059687
873	0.9348484848	0.2118360371
874	0.9348484848	0.2117707757
875	0.9348484848	0.2116848021
876	0.9303030303	0.2115103057
877	0.9303030303	0.2114819002
878	0.9348484848	0.2112518801
879	0.9348484848	0.2109733127
880	0.9348484848	0.2108621188
881	0.9348484848	0.2108519086
882	0.9348484848	0.2108392701
883	0.9348484848	0.2107713862
884	0.9348484848	0.2106237273
885	0.9348484848	0.2103689794
886	0.9348484848	0.2101588152
887	0.9303030303	0.2099295724
888	0.9303030303	0.209742007
889	0.9303030303	0.2097057114
890	0.9303030303	0.2096677459
891	0.9303030303	0.2094125183
892	0.9303030303	0.2091780669
893	0.9303030303	0.2089587832
894	0.9303030303	0.2088485418
895	0.9303030303	0.2086427276
896	0.9303030303	0.2086005266
897	0.9348484848	0.2083594678
898	0.9303030303	0.2081379824
899	0.9303030303	0.2080561549
900	0.9303030303	0.2079355646
901	0.9303030303	0.2078763133
902	0.9303030303	0.2078333192
903	0.9303030303	0.2077753732
904	0.9303030303	0.2076543578
905	0.9303030303	0.2075450011
906	0.9303030303	0.2074199542
907	0.9303030303	0.2073760825
908	0.9303030303	0.2072651243
909	0.9348484848	0.2070559261
910	0.9348484848	0.2070340179
911	0.9303030303	0.206739764
912	0.9348484848	0.2064957642
913	0.9348484848	0.206454815
914	0.9348484848	0.2063374949
915	0.9348484848	0.2061748851
916	0.9348484848	0.2058721213
917	0.9348484848	0.2058323408
918	0.9348484848	0.20577581
919	0.9303030303	0.2055627939
920	0.9348484848	0.205265342
921	0.9348484848	0.2049780824
922	0.9348484848	0.2047679576
923	0.9348484848	0.2045764843
924	0.9348484848	0.2045433044
925	0.9393939394	0.2043784798
926	0.9393939394	0.204317909
927	0.9393939394	0.2041123358
928	0.9393939394	0.2038344302
929	0.9393939394	0.2036574104
930	0.9348484848	0.2033678487
931	0.9348484848	0.2031300681
932	0.9348484848	0.2030779095
933	0.9348484848	0.202871059
934	0.9348484848	0.2025870746
935	0.9348484848	0.2023253156
936	0.9348484848	0.202263674
937	0.9348484848	0.2020400309
938	0.9348484848	0.2018460004
939	0.9348484848	0.2016601246
940	0.9348484848	0.2015517148
941	0.9348484848	0.2013806204
942	0.9348484848	0.2012235658
943	0.9348484848	0.2012049718
944	0.9348484848	0.2011250911
945	0.9348484848	0.2008927869
946	0.9348484848	0.200830223
947	0.9348484848	0.2006794155
948	0.9348484848	0.2006153319
949	0.9348484848	0.2003933883
950	0.9348484848	0.2003126294
951	0.9348484848	0.200255501
952	0.9393939394	0.2001760132
953	0.9348484848	0.2000621582
954	0.9393939394	0.200004617
955	0.9393939394	0.1999263223
956	0.9393939394	0.1998868385
957	0.9393939394	0.1997794696
958	0.9393939394	0.199531017
959	0.9393939394	0.1994747044
960	0.9393939394	0.1994340126
961	0.9393939394	0.1993973345
962	0.9393939394	0.1992315415
963	0.9393939394	0.199192503
964	0.9393939394	0.1990226892
965	0.9393939394	0.1989948738
966	0.9393939394	0.1989176741
967	0.9393939394	0.198898894
968	0.9393939394	0.198849242
969	0.9393939394	0.1987938029
970	0.9393939394	0.1987570932
971	0.9393939394	0.1987199908
972	0.9393939394	0.1985313495
973	0.9393939394	0.1984336524
974	0.9393939394	0.1981354647
975	0.9393939394	0.1980592364
976	0.9393939394	0.1979355802
977	0.9393939394	0.1977679413
978	0.9393939394	0.1975266512
979	0.9393939394	0.1973328608
980	0.9393939394	0.1971421893
981	0.9393939394	0.1969649135
982	0.9393939394	0.196911132
983	0.9393939394	0.1968162729
984	0.9393939394	0.1966580546
985	0.9393939394	0.1966383656
986	0.9393939394	0.1963620495
987	0.9393939394	0.1962556371
988	0.9393939394	0.1960459844
989	0.9393939394	0.1960124784
990	0.9393939394	0.1958789911
991	0.9393939394	0.1958259307
992	0.9393939394	0.1955795374
993	0.9393939394	0.1955430222
994	0.9439393939	0.1954262567
995	0.9439393939	0.1952556801
996	0.9393939394	0.1951099434
997	0.9439393939	0.1950575009
998	0.9439393939	0.1950227167
999	0.9439393939	0.1949749549
